{
  "analysis_info": {
    "interrupted": true,
    "completion_status": "Partial (interrupted)",
    "frames_processed": 2670,
    "total_frames": 47784,
    "analysis_coverage": "5.6%"
  },
  "session_summary": {
    "total_shots": 37,
    "video_duration_analyzed": 86.13333333333334,
    "avg_confidence": 0.7025703668742659,
    "shots_per_minute": 25.773993808049532,
    "unique_shot_types": 4
  },
  "shot_distribution": {
    "drop_shot": 14,
    "clear": 4,
    "net_shot": 14,
    "smash": 5
  },
  "shot_timeline": [
    [
      21.1,
      "drop_shot"
    ],
    [
      24.6,
      "clear"
    ],
    [
      28.5,
      "drop_shot"
    ],
    [
      28.566666666666666,
      "net_shot"
    ],
    [
      28.633333333333333,
      "drop_shot"
    ],
    [
      28.7,
      "net_shot"
    ],
    [
      30.366666666666667,
      "clear"
    ],
    [
      30.533333333333335,
      "drop_shot"
    ],
    [
      32.36666666666667,
      "net_shot"
    ],
    [
      38.13333333333333,
      "drop_shot"
    ],
    [
      38.166666666666664,
      "net_shot"
    ],
    [
      38.2,
      "clear"
    ],
    [
      38.4,
      "net_shot"
    ],
    [
      42.5,
      "net_shot"
    ],
    [
      43.6,
      "smash"
    ],
    [
      47.43333333333333,
      "smash"
    ],
    [
      48.6,
      "smash"
    ],
    [
      48.766666666666666,
      "drop_shot"
    ],
    [
      48.93333333333333,
      "net_shot"
    ],
    [
      51.96666666666667,
      "drop_shot"
    ],
    [
      53.733333333333334,
      "drop_shot"
    ],
    [
      56.733333333333334,
      "drop_shot"
    ],
    [
      56.8,
      "net_shot"
    ],
    [
      60.6,
      "net_shot"
    ],
    [
      60.63333333333333,
      "drop_shot"
    ],
    [
      67.56666666666666,
      "drop_shot"
    ],
    [
      77.5,
      "smash"
    ],
    [
      78.03333333333333,
      "net_shot"
    ],
    [
      78.06666666666666,
      "smash"
    ],
    [
      78.26666666666667,
      "net_shot"
    ],
    [
      79.46666666666667,
      "net_shot"
    ],
    [
      80.6,
      "drop_shot"
    ],
    [
      82.26666666666667,
      "clear"
    ],
    [
      82.3,
      "net_shot"
    ],
    [
      82.46666666666667,
      "drop_shot"
    ],
    [
      82.6,
      "net_shot"
    ],
    [
      86.13333333333334,
      "drop_shot"
    ]
  ],
  "performance_insights": [],
  "shuttlecock_stats": {
    "total_detections": 0,
    "avg_speed": 0,
    "tracking_enabled": true
  }
}