{
  "analysis_info": {
    "interrupted": true,
    "completion_status": "Partial (interrupted)",
    "frames_processed": 900,
    "total_frames": 47784,
    "analysis_coverage": "1.9%"
  },
  "session_summary": {
    "total_shots": 47,
    "video_duration_analyzed": 28.8,
    "avg_confidence": 0.6489361702127658,
    "shots_per_minute": 97.91666666666666,
    "unique_shot_types": 2
  },
  "shot_distribution": {
    "drive": 46,
    "drop_shot": 1
  },
  "shot_timeline": [
    [
      13.1,
      "drive"
    ],
    [
      13.133333333333333,
      "drive"
    ],
    [
      13.166666666666666,
      "drive"
    ],
    [
      13.2,
      "drive"
    ],
    [
      13.233333333333333,
      "drive"
    ],
    [
      13.266666666666667,
      "drive"
    ],
    [
      13.3,
      "drive"
    ],
    [
      13.333333333333334,
      "drive"
    ],
    [
      17.3,
      "drive"
    ],
    [
      17.333333333333332,
      "drive"
    ],
    [
      17.366666666666667,
      "drive"
    ],
    [
      17.4,
      "drive"
    ],
    [
      17.566666666666666,
      "drive"
    ],
    [
      17.6,
      "drive"
    ],
    [
      17.633333333333333,
      "drive"
    ],
    [
      17.666666666666668,
      "drive"
    ],
    [
      17.7,
      "drive"
    ],
    [
      17.733333333333334,
      "drive"
    ],
    [
      17.766666666666666,
      "drive"
    ],
    [
      17.866666666666667,
      "drive"
    ],
    [
      20.966666666666665,
      "drive"
    ],
    [
      21.033333333333335,
      "drive"
    ],
    [
      21.066666666666666,
      "drive"
    ],
    [
      21.1,
      "drive"
    ],
    [
      21.133333333333333,
      "drive"
    ],
    [
      21.166666666666668,
      "drive"
    ],
    [
      21.2,
      "drive"
    ],
    [
      21.233333333333334,
      "drive"
    ],
    [
      21.266666666666666,
      "drive"
    ],
    [
      21.3,
      "drive"
    ],
    [
      21.333333333333332,
      "drive"
    ],
    [
      21.366666666666667,
      "drive"
    ],
    [
      21.4,
      "drive"
    ],
    [
      21.566666666666666,
      "drive"
    ],
    [
      23.933333333333334,
      "drive"
    ],
    [
      26.566666666666666,
      "drive"
    ],
    [
      26.633333333333333,
      "drive"
    ],
    [
      26.666666666666668,
      "drive"
    ],
    [
      26.7,
      "drive"
    ],
    [
      27.233333333333334,
      "drive"
    ],
    [
      27.566666666666666,
      "drive"
    ],
    [
      28.5,
      "drive"
    ],
    [
      28.533333333333335,
      "drive"
    ],
    [
      28.633333333333333,
      "drop_shot"
    ],
    [
      28.733333333333334,
      "drive"
    ],
    [
      28.766666666666666,
      "drive"
    ],
    [
      28.8,
      "drive"
    ]
  ],
  "performance_insights": [
    {
      "category": "Shot Variety",
      "level": "improvement_needed",
      "message": "Only 2 shot types detected. Expand your repertoire."
    }
  ],
  "shuttlecock_stats": {
    "total_detections": 20,
    "avg_speed": 41.87859762085132,
    "tracking_enabled": true
  }
}