{
  "analysis_info": {
    "interrupted": true,
    "completion_status": "Partial (interrupted)",
    "frames_processed": 749,
    "total_frames": 47784,
    "analysis_coverage": "1.6%"
  },
  "session_summary": {
    "total_shots": 35,
    "video_duration_analyzed": 23.933333333333334,
    "avg_confidence": 0.6499999999999999,
    "shots_per_minute": 87.74373259052925,
    "unique_shot_types": 1
  },
  "shot_distribution": {
    "drive": 35
  },
  "shot_timeline": [
    [
      13.1,
      "drive"
    ],
    [
      13.133333333333333,
      "drive"
    ],
    [
      13.166666666666666,
      "drive"
    ],
    [
      13.2,
      "drive"
    ],
    [
      13.233333333333333,
      "drive"
    ],
    [
      13.266666666666667,
      "drive"
    ],
    [
      13.3,
      "drive"
    ],
    [
      13.333333333333334,
      "drive"
    ],
    [
      17.3,
      "drive"
    ],
    [
      17.333333333333332,
      "drive"
    ],
    [
      17.366666666666667,
      "drive"
    ],
    [
      17.4,
      "drive"
    ],
    [
      17.566666666666666,
      "drive"
    ],
    [
      17.6,
      "drive"
    ],
    [
      17.633333333333333,
      "drive"
    ],
    [
      17.666666666666668,
      "drive"
    ],
    [
      17.7,
      "drive"
    ],
    [
      17.733333333333334,
      "drive"
    ],
    [
      17.766666666666666,
      "drive"
    ],
    [
      17.866666666666667,
      "drive"
    ],
    [
      20.966666666666665,
      "drive"
    ],
    [
      21.033333333333335,
      "drive"
    ],
    [
      21.066666666666666,
      "drive"
    ],
    [
      21.1,
      "drive"
    ],
    [
      21.133333333333333,
      "drive"
    ],
    [
      21.166666666666668,
      "drive"
    ],
    [
      21.2,
      "drive"
    ],
    [
      21.233333333333334,
      "drive"
    ],
    [
      21.266666666666666,
      "drive"
    ],
    [
      21.3,
      "drive"
    ],
    [
      21.333333333333332,
      "drive"
    ],
    [
      21.366666666666667,
      "drive"
    ],
    [
      21.4,
      "drive"
    ],
    [
      21.566666666666666,
      "drive"
    ],
    [
      23.933333333333334,
      "drive"
    ]
  ],
  "performance_insights": [
    {
      "category": "Shot Variety",
      "level": "improvement_needed",
      "message": "Only 1 shot types detected. Expand your repertoire."
    }
  ],
  "shuttlecock_stats": {
    "total_detections": 20,
    "avg_speed": 22.41709739955648,
    "tracking_enabled": true
  }
}