{
  "analysis_info": {
    "interrupted": true,
    "completion_status": "Partial (interrupted)",
    "frames_processed": 891,
    "total_frames": 47784,
    "analysis_coverage": "1.9%"
  },
  "session_summary": {
    "total_shots": 343,
    "video_duration_analyzed": 29.666666666666668,
    "avg_confidence": 0.6511661807580176,
    "shots_per_minute": 693.7078651685393,
    "unique_shot_types": 3
  },
  "shot_distribution": {
    "drive": 336,
    "clear": 5,
    "drop_shot": 2
  },
  "shot_timeline": [
    [
      9.433333333333334,
      "drive"
    ],
    [
      9.466666666666667,
      "drive"
    ],
    [
      9.5,
      "drive"
    ],
    [
      9.533333333333333,
      "drive"
    ],
    [
      9.566666666666666,
      "drive"
    ],
    [
      9.6,
      "drive"
    ],
    [
      9.633333333333333,
      "drive"
    ],
    [
      9.666666666666666,
      "drive"
    ],
    [
      9.7,
      "drive"
    ],
    [
      9.733333333333333,
      "drive"
    ],
    [
      9.766666666666667,
      "drive"
    ],
    [
      9.8,
      "drive"
    ],
    [
      9.833333333333334,
      "drive"
    ],
    [
      9.866666666666667,
      "drive"
    ],
    [
      9.9,
      "drive"
    ],
    [
      9.933333333333334,
      "drive"
    ],
    [
      9.966666666666667,
      "drive"
    ],
    [
      11.933333333333334,
      "drive"
    ],
    [
      11.966666666666667,
      "drive"
    ],
    [
      12.0,
      "drive"
    ],
    [
      12.033333333333333,
      "drive"
    ],
    [
      12.066666666666666,
      "drive"
    ],
    [
      12.1,
      "drive"
    ],
    [
      12.133333333333333,
      "drive"
    ],
    [
      12.166666666666666,
      "drive"
    ],
    [
      12.2,
      "drive"
    ],
    [
      12.233333333333333,
      "drive"
    ],
    [
      12.266666666666667,
      "drive"
    ],
    [
      12.3,
      "drive"
    ],
    [
      12.333333333333334,
      "drive"
    ],
    [
      12.366666666666667,
      "drive"
    ],
    [
      12.4,
      "drive"
    ],
    [
      12.833333333333334,
      "drive"
    ],
    [
      12.933333333333334,
      "drive"
    ],
    [
      12.966666666666667,
      "drive"
    ],
    [
      13.033333333333333,
      "drive"
    ],
    [
      13.066666666666666,
      "drive"
    ],
    [
      13.1,
      "drive"
    ],
    [
      13.133333333333333,
      "drive"
    ],
    [
      13.166666666666666,
      "drive"
    ],
    [
      13.2,
      "drive"
    ],
    [
      13.233333333333333,
      "drive"
    ],
    [
      13.266666666666667,
      "drive"
    ],
    [
      13.3,
      "drive"
    ],
    [
      13.333333333333334,
      "drive"
    ],
    [
      13.5,
      "drive"
    ],
    [
      13.533333333333333,
      "drive"
    ],
    [
      13.566666666666666,
      "drive"
    ],
    [
      13.6,
      "drive"
    ],
    [
      13.633333333333333,
      "drive"
    ],
    [
      13.666666666666666,
      "drive"
    ],
    [
      13.7,
      "drive"
    ],
    [
      13.733333333333333,
      "drive"
    ],
    [
      13.766666666666667,
      "drive"
    ],
    [
      13.8,
      "drive"
    ],
    [
      13.833333333333334,
      "drive"
    ],
    [
      14.7,
      "drive"
    ],
    [
      14.733333333333333,
      "drive"
    ],
    [
      14.766666666666667,
      "drive"
    ],
    [
      14.8,
      "drive"
    ],
    [
      14.833333333333334,
      "drive"
    ],
    [
      14.866666666666667,
      "drive"
    ],
    [
      14.9,
      "drive"
    ],
    [
      14.933333333333334,
      "drive"
    ],
    [
      14.966666666666667,
      "drive"
    ],
    [
      15.0,
      "drive"
    ],
    [
      15.033333333333333,
      "drive"
    ],
    [
      15.066666666666666,
      "drive"
    ],
    [
      15.1,
      "drive"
    ],
    [
      15.133333333333333,
      "drive"
    ],
    [
      15.166666666666666,
      "drive"
    ],
    [
      15.2,
      "drive"
    ],
    [
      15.233333333333333,
      "drive"
    ],
    [
      15.266666666666667,
      "drive"
    ],
    [
      15.3,
      "drive"
    ],
    [
      15.333333333333334,
      "drive"
    ],
    [
      15.366666666666667,
      "drive"
    ],
    [
      16.433333333333334,
      "drive"
    ],
    [
      16.466666666666665,
      "drive"
    ],
    [
      16.5,
      "drive"
    ],
    [
      16.533333333333335,
      "drive"
    ],
    [
      16.566666666666666,
      "drive"
    ],
    [
      16.6,
      "drive"
    ],
    [
      16.633333333333333,
      "drive"
    ],
    [
      16.666666666666668,
      "drive"
    ],
    [
      16.7,
      "drive"
    ],
    [
      16.733333333333334,
      "drive"
    ],
    [
      16.766666666666666,
      "drive"
    ],
    [
      16.8,
      "drive"
    ],
    [
      16.833333333333332,
      "drive"
    ],
    [
      16.866666666666667,
      "drive"
    ],
    [
      16.9,
      "drive"
    ],
    [
      16.933333333333334,
      "drive"
    ],
    [
      16.966666666666665,
      "drive"
    ],
    [
      17.0,
      "drive"
    ],
    [
      17.033333333333335,
      "drive"
    ],
    [
      17.066666666666666,
      "drive"
    ],
    [
      17.1,
      "drive"
    ],
    [
      17.133333333333333,
      "drive"
    ],
    [
      17.166666666666668,
      "drive"
    ],
    [
      17.2,
      "drive"
    ],
    [
      17.233333333333334,
      "drive"
    ],
    [
      17.266666666666666,
      "drive"
    ],
    [
      17.3,
      "drive"
    ],
    [
      17.333333333333332,
      "drive"
    ],
    [
      17.366666666666667,
      "drive"
    ],
    [
      17.4,
      "drive"
    ],
    [
      17.433333333333334,
      "drive"
    ],
    [
      17.466666666666665,
      "drive"
    ],
    [
      17.5,
      "drive"
    ],
    [
      17.533333333333335,
      "drive"
    ],
    [
      17.566666666666666,
      "drive"
    ],
    [
      17.6,
      "drive"
    ],
    [
      17.633333333333333,
      "drive"
    ],
    [
      17.666666666666668,
      "drive"
    ],
    [
      17.7,
      "drive"
    ],
    [
      17.733333333333334,
      "drive"
    ],
    [
      17.766666666666666,
      "drive"
    ],
    [
      17.866666666666667,
      "drive"
    ],
    [
      17.9,
      "clear"
    ],
    [
      17.933333333333334,
      "drive"
    ],
    [
      17.966666666666665,
      "clear"
    ],
    [
      18.0,
      "clear"
    ],
    [
      18.033333333333335,
      "clear"
    ],
    [
      18.066666666666666,
      "drop_shot"
    ],
    [
      18.233333333333334,
      "drive"
    ],
    [
      18.266666666666666,
      "drive"
    ],
    [
      18.3,
      "drive"
    ],
    [
      18.333333333333332,
      "drive"
    ],
    [
      18.366666666666667,
      "drive"
    ],
    [
      18.4,
      "drive"
    ],
    [
      18.433333333333334,
      "drive"
    ],
    [
      18.466666666666665,
      "drive"
    ],
    [
      18.5,
      "drive"
    ],
    [
      18.566666666666666,
      "drive"
    ],
    [
      18.6,
      "drive"
    ],
    [
      18.633333333333333,
      "drive"
    ],
    [
      18.666666666666668,
      "drive"
    ],
    [
      18.7,
      "drive"
    ],
    [
      18.733333333333334,
      "drive"
    ],
    [
      18.766666666666666,
      "drive"
    ],
    [
      18.8,
      "drive"
    ],
    [
      18.833333333333332,
      "drive"
    ],
    [
      18.866666666666667,
      "drive"
    ],
    [
      18.9,
      "drive"
    ],
    [
      18.933333333333334,
      "drive"
    ],
    [
      18.966666666666665,
      "drive"
    ],
    [
      19.0,
      "drive"
    ],
    [
      19.033333333333335,
      "drive"
    ],
    [
      19.066666666666666,
      "drive"
    ],
    [
      19.1,
      "drive"
    ],
    [
      19.133333333333333,
      "drive"
    ],
    [
      19.166666666666668,
      "drive"
    ],
    [
      19.2,
      "drive"
    ],
    [
